{
    "VGG16": {
        "test_accuracy": 0.5942999720573425,
        "test_loss": 1.168854832649231,
        "precision": 0.5938792893989067,
        "recall": 0.5943,
        "f1_score": 0.5862490256767504,
        "training_time_minutes": 9.710939109325409,
        "total_parameters": 14883274,
        "trainable_parameters": 167050,
        "convergence_analysis": {
            "epochs_to_80_percent": "Did not reach",
            "final_val_accuracy": 0.5974000096321106,
            "best_val_accuracy": 0.6057000160217285,
            "best_epoch": 13
        },
        "per_class_accuracy": {
            "airplane": 0.685,
            "automobile": 0.69,
            "bird": 0.364,
            "cat": 0.315,
            "deer": 0.528,
            "dog": 0.553,
            "frog": 0.748,
            "horse": 0.695,
            "ship": 0.708,
            "truck": 0.657
        }
    },
    "ResNet50": {
        "test_accuracy": 0.5072000026702881,
        "test_loss": 1.4194408655166626,
        "precision": 0.506028768316125,
        "recall": 0.5072,
        "f1_score": 0.49869644825812165,
        "training_time_minutes": 16.011783639589947,
        "total_parameters": 24155658,
        "trainable_parameters": 563338,
        "convergence_analysis": {
            "epochs_to_80_percent": "Did not reach",
            "final_val_accuracy": 0.5047000050544739,
            "best_val_accuracy": 0.5062000155448914,
            "best_epoch": 29
        },
        "per_class_accuracy": {
            "airplane": 0.57,
            "automobile": 0.665,
            "bird": 0.342,
            "cat": 0.297,
            "deer": 0.336,
            "dog": 0.373,
            "frog": 0.65,
            "horse": 0.648,
            "ship": 0.639,
            "truck": 0.552
        }
    },
    "MobileNetV2": {
        "test_accuracy": 0.3481000065803528,
        "test_loss": 1.8411976099014282,
        "precision": 0.35225972881933254,
        "recall": 0.3481,
        "f1_score": 0.3400279397107219,
        "training_time_minutes": 15.19235642751058,
        "total_parameters": 2626250,
        "trainable_parameters": 365194,
        "convergence_analysis": {
            "epochs_to_80_percent": "Did not reach",
            "final_val_accuracy": 0.3540000021457672,
            "best_val_accuracy": 0.35429999232292175,
            "best_epoch": 25
        },
        "per_class_accuracy": {
            "airplane": 0.437,
            "automobile": 0.356,
            "bird": 0.114,
            "cat": 0.21,
            "deer": 0.346,
            "dog": 0.425,
            "frog": 0.466,
            "horse": 0.347,
            "ship": 0.324,
            "truck": 0.456
        }
    }
}